ord1,,,,Rejected,,,Invalid token size,20230903-084646.071
ord2,,,,Rejected,,,Invalid token size,20230903-084646.072
ord3,aa18,Lavanda,1,Rejected,100,45.00,Invalid Flower Name,20230903-084646.072
ord4,aa41,Rose,1,Rejected,56,35,Quantity is not a multiple of 10,20230903-084646.073
ord5,aa42,Rose,1,Rejected,78,65,Quantity is not a multiple of 10,20230903-084646.073
ord6,aa43,Rose,1,Rejected,34,45,Quantity is not a multiple of 10,20230903-084646.074
ord7,aa44,Rose,1,Rejected,56,32,Quantity is not a multiple of 10,20230903-084646.074
ord8,aa46,Rose,1,Rejected,124,56,Quantity is not a multiple of 10,20230903-084646.075
ord9,aa48,Rose,1,Rejected,12,22,Quantity is not a multiple of 10,20230903-084646.075
ord10,aa49,Rose,1,Rejected,123,78,Quantity is not a multiple of 10,20230903-084646.076
ord11,aa50,Rose,1,Rejected,455,56,Quantity is not a multiple of 10,20230903-084646.076
ord12,aa51,Rose,2,Rejected,223,32,Quantity is not a multiple of 10,20230903-084646.077
ord13,aa52,Rose,2,Rejected,445,45,Quantity is not a multiple of 10,20230903-084646.078
ord14,aa53,Rose,1,Rejected,223,67,Quantity is not a multiple of 10,20230903-084646.078
ord15,aa54,Rose,2,Rejected,334,100,Quantity is not a multiple of 10,20230903-084646.078
ord16,aa55,Rose,2,Rejected,445,56,Quantity is not a multiple of 10,20230903-084646.079
ord17,aa56,Rose,1,Rejected,666,44,Quantity is not a multiple of 10,20230903-084646.079
ord18,aa57,Rose,2,Rejected,223,24,Quantity is not a multiple of 10,20230903-084646.080
ord19,aa58,Rose,1,Rejected,455,35,Quantity is not a multiple of 10,20230903-084646.080
ord20,aa59,Rose,2,Rejected,66,65,Quantity is not a multiple of 10,20230903-084646.081
ord21,aa60,Rose,2,Rejected,77,75,Quantity is not a multiple of 10,20230903-084646.081
ord22,aa61,Rose,2,Rejected,333,85,Quantity is not a multiple of 10,20230903-084646.081
ord23,aa62,Rose,2,Rejected,555,85,Quantity is not a multiple of 10,20230903-084646.082
ord24,aa63,Rose,1,Rejected,664,85,Quantity is not a multiple of 10,20230903-084646.082
ord25,aa64,Rose,2,Rejected,333,85,Quantity is not a multiple of 10,20230903-084646.083
ord26,aa65,Rose,2,Rejected,33,85,Quantity is not a multiple of 10,20230903-084646.083
ord27,aa66,Rose,2,Rejected,45,85,Quantity is not a multiple of 10,20230903-084646.083
ord28,aa13,Rose,1,New,100,55.00,NA,20230903-084646.084
ord29,aa67,Rose,2,Rejected,66,55,Quantity is not a multiple of 10,20230903-084646.084
ord30,aa14,Rose,1,New,100,65.00,NA,20230903-084646.085
ord31,aa68,Rose,2,Rejected,67,65,Quantity is not a multiple of 10,20230903-084646.086
ord32,aa15,Rose,2,PFill,100,65.00,NA,20230903-084646.088
ord33,aa69,Rose,1,Rejected,65,1,Quantity is not a multiple of 10,20230903-084646.089
ord30,aa14,Rose,1,Fill,100,65.00,NA,20230903-084646.089
ord34,aa70,Rose,2,Rejected,33,55,Quantity is not a multiple of 10,20230903-084646.091
ord32,aa15,Rose,2,PFill,100,55.00,NA,20230903-084646.092
ord35,aa71,Rose,1,Rejected,44,45,Quantity is not a multiple of 10,20230903-084646.093
ord36,aa72,Rose,2,Rejected,55,45,Quantity is not a multiple of 10,20230903-084646.095
ord37,aa73,Rose,1,Rejected,56,65,Quantity is not a multiple of 10,20230903-084646.096
ord38,aa74,Rose,2,Rejected,33,45,Quantity is not a multiple of 10,20230903-084646.097
ord39,aa75,Rose,2,Rejected,55,55,Quantity is not a multiple of 10,20230903-084646.097
ord40,aa76,Rose,2,Rejected,67,45,Quantity is not a multiple of 10,20230903-084646.098
ord41,aa77,Rose,1,Rejected,33,22,Quantity is not a multiple of 10,20230903-084646.099
ord28,aa13,Rose,1,Fill,100,55.00,NA,20230903-084646.094
ord42,aa16,Rose,1,Fill,100,1.00,NA,20230903-084646.101
ord32,aa15,Rose,2,PFill,100,1.00,NA,20230903-084646.101
ord43,aa17,Rose,1,Fill,100,1.00,NA,20230903-084646.102
ord32,aa15,Rose,2,Fill,100,1.00,NA,20230903-084646.103
ord44,aa19,Rose,2,New,200,65.00,NA,20230903-084646.104
ord45,aa20,Rose,2,New,400,45.00,NA,20230903-084646.104
ord46,aa21,Rose,1,Fill,100,45.00,NA,20230903-084646.105
ord45,aa20,Rose,2,PFill,100,45.00,NA,20230903-084646.106
ord47,aa22,Rose,1,Fill,250,45.00,NA,20230903-084646.107
ord45,aa20,Rose,2,PFill,250,45.00,NA,20230903-084646.108
ord48,aa23,Rose,1,New,100,22.00,NA,20230903-084646.109
ord49,aa24,Rose,1,New,300,34.00,NA,20230903-084646.110
ord50,aa25,Rose,1,PFill,50,45.00,NA,20230903-084646.111
ord45,aa20,Rose,2,Fill,50,45.00,NA,20230903-084646.112
ord51,aa26,Rose,1,New,300,53.00,NA,20230903-084646.113
ord52,aa27,Rose,1,New,300,32.00,NA,20230903-084646.115
ord53,aa28,Rose,1,New,50,1.00,NA,20230903-084646.116
ord54,aa29,Rose,1,New,50,24.00,NA,20230903-084646.116
ord55,aa30,Rose,2,Fill,50,53.00,NA,20230903-084646.117
ord51,aa26,Rose,1,PFill,50,53.00,NA,20230903-084646.118
ord56,aa31,Rose,1,New,50,35.00,NA,20230903-084646.119
ord57,aa32,Rose,2,Fill,50,53.00,NA,20230903-084646.120
ord51,aa26,Rose,1,PFill,50,53.00,NA,20230903-084646.120
ord58,aa33,Rose,2,Fill,50,53.00,NA,20230903-084646.121
ord51,aa26,Rose,1,PFill,50,53.00,NA,20230903-084646.122
ord59,aa34,Rose,2,Fill,50,53.00,NA,20230903-084646.123
ord51,aa26,Rose,1,PFill,50,53.00,NA,20230903-084646.124
ord60,aa35,Rose,1,Fill,50,65.00,NA,20230903-084646.125
ord44,aa19,Rose,2,PFill,50,65.00,NA,20230903-084646.126
ord61,aa36,Rose,2,New,50,64.00,NA,20230903-084646.127
ord62,aa37,Rose,2,Fill,50,53.00,NA,20230903-084646.128
ord51,aa26,Rose,1,PFill,50,53.00,NA,20230903-084646.130
ord63,aa38,Rose,2,Fill,50,53.00,NA,20230903-084646.131
ord51,aa26,Rose,1,Fill,50,53.00,NA,20230903-084646.132
ord64,aa39,Rose,2,Fill,50,45.00,NA,20230903-084646.133
ord50,aa25,Rose,1,PFill,50,45.00,NA,20230903-084646.133
ord65,aa40,Rose,2,Fill,50,45.00,NA,20230903-084646.134
ord50,aa25,Rose,1,PFill,50,45.00,NA,20230903-084646.135
ord66,aa45,Rose,2,PFill,150,45.00,NA,20230903-084646.136
ord50,aa25,Rose,1,Fill,150,45.00,NA,20230903-084646.137
ord66,aa45,Rose,2,PFill,50,35.00,NA,20230903-084646.138
ord56,aa31,Rose,1,Fill,50,35.00,NA,20230903-084646.139
ord66,aa45,Rose,2,Fill,100,34.00,NA,20230903-084646.140
ord49,aa24,Rose,1,PFill,100,34.00,NA,20230903-084646.141
ord67,aa47,Rose,1,New,300,42.00,NA,20230903-084646.142
ord68,aa79,Rose,2,Rejected,54,45,Quantity is not a multiple of 10,20230903-084646.143
ord69,aa80,Rose,2,Rejected,56,53,Quantity is not a multiple of 10,20230903-084646.145
ord70,aa81,Rose,1,Rejected,44,32,Quantity is not a multiple of 10,20230903-084646.147
ord71,aa82,Rose,2,Rejected,334,1,Quantity is not a multiple of 10,20230903-084646.148
ord72,aa83,Rose,1,Rejected,56,24,Quantity is not a multiple of 10,20230903-084646.149
ord73,aa84,Rose,2,Rejected,34,45,Quantity is not a multiple of 10,20230903-084646.150
ord74,aa85,Rose,2,Rejected,23,35,Quantity is not a multiple of 10,20230903-084646.151
ord75,aa86,Rose,2,Rejected,45,53,Quantity is not a multiple of 10,20230903-084646.153
ord76,aa87,Rose,2,Rejected,56,46,Quantity is not a multiple of 10,20230903-084646.153
ord77,aa88,Rose,1,Rejected,54,45,Quantity is not a multiple of 10,20230903-084646.155
ord78,aa89,Rose,1,Rejected,56,65,Quantity is not a multiple of 10,20230903-084646.156
ord79,aa90,Rose,1,Rejected,56,64,Quantity is not a multiple of 10,20230903-084646.157
ord80,aa91,Rose,1,Rejected,56,34,Quantity is not a multiple of 10,20230903-084646.158
ord81,aa92,Rose,1,Rejected,53,45,Quantity is not a multiple of 10,20230903-084646.159
ord82,aa93,Rose,1,Rejected,55,33,Quantity is not a multiple of 10,20230903-084646.160
ord83,aa94,Rose,1,Rejected,66,23,Quantity is not a multiple of 10,20230903-084646.161
ord84,aa95,Rose,2,Rejected,784,35,Quantity is not a multiple of 10,20230903-084646.162
ord85,aa96,Rose,1,Rejected,4456,65,Quantity is not a multiple of 10,20230903-084646.162
ord86,aa97,Rose,1,Rejected,343,45,Quantity is not a multiple of 10,20230903-084646.163
ord87,aa98,Rose,1,Rejected,335,32,Quantity is not a multiple of 10,20230903-084646.164
ord88,aa99,Rose,2,Rejected,334,34,Quantity is not a multiple of 10,20230903-084646.165
ord89,aa100,Rose,2,Rejected,33,56,Quantity is not a multiple of 10,20230903-084646.166
ord90,aa101,Rose,1,Rejected,55,42,Quantity is not a multiple of 10,20230903-084646.167
ord91,aa102,Rose,2,Rejected,335,22,Quantity is not a multiple of 10,20230903-084646.169
ord92,aa103,Rose,2,Rejected,335,78,Quantity is not a multiple of 10,20230903-084646.171
ord93,aa104,Rose,2,Rejected,32,56,Quantity is not a multiple of 10,20230903-084646.172
ord94,aa105,Rose,2,Rejected,45,32,Quantity is not a multiple of 10,20230903-084646.173
ord95,aa106,Rose,2,Rejected,55,45,Quantity is not a multiple of 10,20230903-084646.175
ord96,aa107,Rose,2,Rejected,33,67,Quantity is not a multiple of 10,20230903-084646.176
ord97,aa108,Rose,2,Rejected,335,100,Quantity is not a multiple of 10,20230903-084646.177
ord98,aa109,Rose,2,Rejected,33,56,Quantity is not a multiple of 10,20230903-084646.178
ord99,aa110,Rose,2,Rejected,67,44,Quantity is not a multiple of 10,20230903-084646.180
ord100,aa111,Rose,2,Rejected,334,24,Quantity is not a multiple of 10,20230903-084646.181
ord101,aa112,Rose,2,Rejected,343,35,Quantity is not a multiple of 10,20230903-084646.183
ord102,aa113,Rose,2,Rejected,4445,65,Quantity is not a multiple of 10,20230903-084646.184
ord103,aa114,Rose,1,Rejected,45,75,Quantity is not a multiple of 10,20230903-084646.185
ord104,aa115,Rose,2,Rejected,43,85,Quantity is not a multiple of 10,20230903-084646.187
ord105,aa116,Rose,1,Rejected,23,85,Quantity is not a multiple of 10,20230903-084646.188
ord106,aa117,Rose,1,Rejected,23,85,Quantity is not a multiple of 10,20230903-084646.190
ord107,aa118,Rose,1,Rejected,23,85,Quantity is not a multiple of 10,20230903-084646.192
ord108,aa148,Rose,2,Rejected,56,23,Quantity is not a multiple of 10,20230903-084646.195
ord109,aa149,Rose,1,Rejected,78,35,Quantity is not a multiple of 10,20230903-084646.197
ord110,aa150,Rose,2,Rejected,34,65,Quantity is not a multiple of 10,20230903-084646.198
ord111,aa151,Rose,1,Rejected,56,45,Quantity is not a multiple of 10,20230903-084646.200
ord112,aa153,Rose,2,Rejected,124,34,Quantity is not a multiple of 10,20230903-084646.202
ord113,aa155,Rose,1,Rejected,12,42,Quantity is not a multiple of 10,20230903-084646.203
ord114,aa156,Rose,1,Rejected,123,22,Quantity is not a multiple of 10,20230903-084646.204
ord115,aa157,Rose,1,Rejected,455,78,Quantity is not a multiple of 10,20230903-084646.205
ord116,aa158,Rose,1,Rejected,223,56,Quantity is not a multiple of 10,20230903-084646.207
ord117,aa159,Rose,1,Rejected,445,32,Quantity is not a multiple of 10,20230903-084646.208
ord118,aa160,Rose,2,Rejected,223,45,Quantity is not a multiple of 10,20230903-084646.209
ord119,aa161,Rose,2,Rejected,334,67,Quantity is not a multiple of 10,20230903-084646.210
ord120,aa162,Rose,2,Rejected,445,100,Quantity is not a multiple of 10,20230903-084646.211
ord121,aa163,Rose,2,Rejected,666,56,Quantity is not a multiple of 10,20230903-084646.212
ord122,aa164,Rose,2,Rejected,223,44,Quantity is not a multiple of 10,20230903-084646.213
ord123,aa165,Rose,2,Rejected,455,24,Quantity is not a multiple of 10,20230903-084646.214
ord124,aa166,Rose,2,Rejected,66,35,Quantity is not a multiple of 10,20230903-084646.217
ord125,aa167,Rose,1,Rejected,77,65,Quantity is not a multiple of 10,20230903-084646.218
ord126,aa168,Rose,1,Rejected,333,75,Quantity is not a multiple of 10,20230903-084646.219
ord127,aa169,Rose,1,Rejected,555,85,Quantity is not a multiple of 10,20230903-084646.221
ord128,aa170,Rose,1,Rejected,664,85,Quantity is not a multiple of 10,20230903-084646.222
ord129,aa171,Rose,1,Rejected,333,85,Quantity is not a multiple of 10,20230903-084646.224
ord130,aa172,Rose,2,Rejected,33,85,Quantity is not a multiple of 10,20230903-084646.225
ord131,aa173,Rose,2,Rejected,45,85,Quantity is not a multiple of 10,20230903-084646.226
ord132,aa174,Rose,2,Rejected,66,85,Quantity is not a multiple of 10,20230903-084646.227
ord133,aa175,Rose,1,Rejected,67,55,Quantity is not a multiple of 10,20230903-084646.228
ord134,aa176,Rose,1,Rejected,65,65,Quantity is not a multiple of 10,20230903-084646.229
ord135,aa177,Rose,2,Rejected,33,1,Quantity is not a multiple of 10,20230903-084646.230
ord136,aa178,Rose,2,Rejected,44,55,Quantity is not a multiple of 10,20230903-084646.231
ord137,aa179,Rose,1,Rejected,55,45,Quantity is not a multiple of 10,20230903-084646.232
ord138,aa180,Rose,2,Rejected,56,45,Quantity is not a multiple of 10,20230903-084646.233
ord139,aa181,Rose,1,Rejected,33,65,Quantity is not a multiple of 10,20230903-084646.234
ord140,aa182,Rose,1,Rejected,55,45,Quantity is not a multiple of 10,20230903-084646.236
ord141,aa183,Rose,2,Rejected,67,55,Quantity is not a multiple of 10,20230903-084646.238
ord142,aa184,Rose,2,Rejected,33,45,Quantity is not a multiple of 10,20230903-084646.241
ord143,aa186,Rose,1,Rejected,54,34,Quantity is not a multiple of 10,20230903-084646.243
ord144,aa187,Rose,1,Rejected,56,45,Quantity is not a multiple of 10,20230903-084646.245
ord145,aa188,Rose,1,Rejected,44,53,Quantity is not a multiple of 10,20230903-084646.246
ord146,aa189,Rose,2,Rejected,334,32,Quantity is not a multiple of 10,20230903-084646.248
ord147,aa190,Rose,2,Rejected,56,1,Quantity is not a multiple of 10,20230903-084646.250
ord148,aa191,Rose,1,Rejected,34,24,Quantity is not a multiple of 10,20230903-084646.252
ord149,aa192,Rose,1,Rejected,23,45,Quantity is not a multiple of 10,20230903-084646.254
ord150,aa193,Rose,1,Rejected,45,35,Quantity is not a multiple of 10,20230903-084646.256
ord151,aa194,Rose,1,Rejected,56,53,Quantity is not a multiple of 10,20230903-084646.257
ord152,aa195,Rose,1,Rejected,54,46,Quantity is not a multiple of 10,20230903-084646.259
ord153,aa196,Rose,1,Rejected,56,45,Quantity is not a multiple of 10,20230903-084646.260
ord154,aa197,Rose,1,Rejected,56,65,Quantity is not a multiple of 10,20230903-084646.261
ord155,aa198,Rose,1,Rejected,56,64,Quantity is not a multiple of 10,20230903-084646.263
ord156,aa199,Rose,1,Rejected,53,34,Quantity is not a multiple of 10,20230903-084646.264
ord157,aa200,Rose,2,Rejected,55,45,Quantity is not a multiple of 10,20230903-084646.266
ord158,aa201,Rose,1,Rejected,66,33,Quantity is not a multiple of 10,20230903-084646.267
ord159,aa202,Rose,1,Rejected,784,23,Quantity is not a multiple of 10,20230903-084646.268
ord160,aa203,Rose,1,Rejected,4456,35,Quantity is not a multiple of 10,20230903-084646.269
ord161,aa204,Rose,1,Rejected,343,65,Quantity is not a multiple of 10,20230903-084646.270
ord162,aa205,Rose,1,Rejected,335,45,Quantity is not a multiple of 10,20230903-084646.272
ord163,aa206,Rose,1,Rejected,334,32,Quantity is not a multiple of 10,20230903-084646.273
ord164,aa207,Rose,1,Rejected,33,34,Quantity is not a multiple of 10,20230903-084646.274
ord165,aa208,Rose,1,Rejected,55,56,Quantity is not a multiple of 10,20230903-084646.275
ord166,aa209,Rose,1,Rejected,335,42,Quantity is not a multiple of 10,20230903-084646.277
ord167,aa210,Rose,1,Rejected,335,22,Quantity is not a multiple of 10,20230903-084646.278
ord168,aa211,Rose,2,Rejected,32,78,Quantity is not a multiple of 10,20230903-084646.280
ord169,aa212,Rose,2,Rejected,45,56,Quantity is not a multiple of 10,20230903-084646.283
ord170,aa213,Rose,2,Rejected,55,32,Quantity is not a multiple of 10,20230903-084646.285
ord171,aa214,Rose,2,Rejected,33,45,Quantity is not a multiple of 10,20230903-084646.287
ord172,aa215,Rose,2,Rejected,335,67,Quantity is not a multiple of 10,20230903-084646.290
ord173,aa216,Rose,1,Rejected,33,100,Quantity is not a multiple of 10,20230903-084646.293
ord174,aa217,Rose,1,Rejected,67,56,Quantity is not a multiple of 10,20230903-084646.294
ord175,aa218,Rose,1,Rejected,334,44,Quantity is not a multiple of 10,20230903-084646.297
ord176,aa219,Rose,2,Rejected,343,24,Quantity is not a multiple of 10,20230903-084646.300
ord177,aa220,Rose,1,Rejected,4445,35,Quantity is not a multiple of 10,20230903-084646.303
ord178,aa221,Rose,1,Rejected,45,65,Quantity is not a multiple of 10,20230903-084646.305
ord179,aa222,Rose,1,Rejected,43,75,Quantity is not a multiple of 10,20230903-084646.308
ord180,aa223,Rose,2,Rejected,23,85,Quantity is not a multiple of 10,20230903-084646.310
ord181,aa224,Rose,1,Rejected,23,85,Quantity is not a multiple of 10,20230903-084646.313
ord182,aa225,Rose,1,Rejected,23,85,Quantity is not a multiple of 10,20230903-084646.315
ord183,aa255,Rose,2,Rejected,56,33,Quantity is not a multiple of 10,20230903-084646.318
ord184,aa256,Rose,2,Rejected,78,23,Quantity is not a multiple of 10,20230903-084646.320
ord185,aa257,Rose,1,Rejected,34,35,Quantity is not a multiple of 10,20230903-084646.323
ord186,aa258,Rose,2,Rejected,56,65,Quantity is not a multiple of 10,20230903-084646.325
ord187,aa260,Rose,1,Rejected,124,32,Quantity is not a multiple of 10,20230903-084646.327
ord188,aa262,Rose,1,Rejected,12,56,Quantity is not a multiple of 10,20230903-084646.328
ord189,aa263,Rose,1,Rejected,123,42,Quantity is not a multiple of 10,20230903-084646.330
ord190,aa264,Rose,1,Rejected,455,22,Quantity is not a multiple of 10,20230903-084646.332
ord191,aa265,Rose,2,Rejected,223,78,Quantity is not a multiple of 10,20230903-084646.333
ord192,aa266,Rose,2,Rejected,445,56,Quantity is not a multiple of 10,20230903-084646.335
ord193,aa267,Rose,2,Rejected,223,32,Quantity is not a multiple of 10,20230903-084646.337
ord194,aa268,Rose,2,Rejected,334,45,Quantity is not a multiple of 10,20230903-084646.339
ord195,aa269,Rose,2,Rejected,445,67,Quantity is not a multiple of 10,20230903-084646.340
ord196,aa270,Rose,2,Rejected,666,100,Quantity is not a multiple of 10,20230903-084646.342
ord197,aa271,Rose,2,Rejected,223,56,Quantity is not a multiple of 10,20230903-084646.344
ord198,aa272,Rose,2,Rejected,455,44,Quantity is not a multiple of 10,20230903-084646.345
ord199,aa273,Rose,2,Rejected,66,24,Quantity is not a multiple of 10,20230903-084646.346
ord200,aa274,Rose,1,Rejected,77,35,Quantity is not a multiple of 10,20230903-084646.348
ord201,aa275,Rose,2,Rejected,333,65,Quantity is not a multiple of 10,20230903-084646.350
ord202,aa276,Rose,2,Rejected,555,75,Quantity is not a multiple of 10,20230903-084646.352
ord203,aa277,Rose,1,Rejected,664,85,Quantity is not a multiple of 10,20230903-084646.355
ord204,aa278,Rose,2,Rejected,333,85,Quantity is not a multiple of 10,20230903-084646.357
ord205,aa279,Rose,2,Rejected,33,85,Quantity is not a multiple of 10,20230903-084646.359
ord206,aa280,Rose,2,Rejected,45,85,Quantity is not a multiple of 10,20230903-084646.362
ord207,aa281,Rose,2,Rejected,66,85,Quantity is not a multiple of 10,20230903-084646.363
ord208,aa282,Rose,1,Rejected,67,85,Quantity is not a multiple of 10,20230903-084646.366
ord209,aa283,Rose,2,Rejected,65,55,Quantity is not a multiple of 10,20230903-084646.368
ord210,aa284,Rose,2,Rejected,33,65,Quantity is not a multiple of 10,20230903-084646.370
ord211,aa285,Rose,1,Rejected,44,1,Quantity is not a multiple of 10,20230903-084646.373
ord212,aa286,Rose,2,Rejected,55,55,Quantity is not a multiple of 10,20230903-084646.376
ord213,aa287,Rose,2,Rejected,56,45,Quantity is not a multiple of 10,20230903-084646.378
ord214,aa288,Rose,1,Rejected,33,45,Quantity is not a multiple of 10,20230903-084646.381
ord215,aa289,Rose,2,Rejected,55,65,Quantity is not a multiple of 10,20230903-084646.384
ord216,aa290,Rose,2,Rejected,67,45,Quantity is not a multiple of 10,20230903-084646.387
ord217,aa291,Rose,2,Rejected,33,55,Quantity is not a multiple of 10,20230903-084646.389
ord218,aa293,Rose,2,Rejected,54,22,Quantity is not a multiple of 10,20230903-084646.391
ord219,aa294,Rose,2,Rejected,56,34,Quantity is not a multiple of 10,20230903-084646.394
ord220,aa295,Rose,2,Rejected,44,45,Quantity is not a multiple of 10,20230903-084646.397
ord221,aa296,Rose,1,Rejected,334,53,Quantity is not a multiple of 10,20230903-084646.401
ord222,aa297,Rose,2,Rejected,56,32,Quantity is not a multiple of 10,20230903-084646.404
ord223,aa298,Rose,2,Rejected,34,1,Quantity is not a multiple of 10,20230903-084646.408
ord224,aa299,Rose,2,Rejected,23,24,Quantity is not a multiple of 10,20230903-084646.411
ord225,aa300,Rose,1,Rejected,45,45,Quantity is not a multiple of 10,20230903-084646.415
ord226,aa301,Rose,2,Rejected,56,35,Quantity is not a multiple of 10,20230903-084646.418
ord227,aa302,Rose,2,Rejected,54,53,Quantity is not a multiple of 10,20230903-084646.422
ord228,aa303,Rose,2,Rejected,56,46,Quantity is not a multiple of 10,20230903-084646.424
ord229,aa304,Rose,2,Rejected,56,45,Quantity is not a multiple of 10,20230903-084646.427
ord230,aa305,Rose,1,Rejected,56,65,Quantity is not a multiple of 10,20230903-084646.430
ord231,aa306,Rose,2,Rejected,53,64,Quantity is not a multiple of 10,20230903-084646.432
ord232,aa307,Rose,2,Rejected,55,34,Quantity is not a multiple of 10,20230903-084646.434
ord233,aa308,Rose,2,Rejected,66,45,Quantity is not a multiple of 10,20230903-084646.435
ord234,aa309,Rose,1,Rejected,784,33,Quantity is not a multiple of 10,20230903-084646.437
ord235,aa310,Rose,2,Rejected,4456,23,Quantity is not a multiple of 10,20230903-084646.438
ord236,aa311,Rose,2,Rejected,343,35,Quantity is not a multiple of 10,20230903-084646.440
ord237,aa312,Rose,2,Rejected,335,65,Quantity is not a multiple of 10,20230903-084646.441
ord238,aa313,Rose,1,Rejected,334,45,Quantity is not a multiple of 10,20230903-084646.443
ord239,aa314,Rose,2,Rejected,33,32,Quantity is not a multiple of 10,20230903-084646.444
ord240,aa315,Rose,2,Rejected,55,34,Quantity is not a multiple of 10,20230903-084646.445
ord241,aa316,Rose,2,Rejected,335,56,Quantity is not a multiple of 10,20230903-084646.447
ord242,aa317,Rose,2,Rejected,335,42,Quantity is not a multiple of 10,20230903-084646.449
ord243,aa318,Rose,2,Rejected,32,22,Quantity is not a multiple of 10,20230903-084646.450
ord244,aa319,Rose,2,Rejected,45,78,Quantity is not a multiple of 10,20230903-084646.452
ord245,aa320,Rose,1,Rejected,55,56,Quantity is not a multiple of 10,20230903-084646.454
ord246,aa321,Rose,2,Rejected,33,32,Quantity is not a multiple of 10,20230903-084646.455
ord247,aa322,Rose,2,Rejected,335,45,Quantity is not a multiple of 10,20230903-084646.457
ord248,aa323,Rose,2,Rejected,33,67,Quantity is not a multiple of 10,20230903-084646.458
ord249,aa324,Rose,2,Rejected,67,100,Quantity is not a multiple of 10,20230903-084646.461
ord250,aa325,Rose,2,Rejected,334,56,Quantity is not a multiple of 10,20230903-084646.463
ord251,aa326,Rose,1,Rejected,343,44,Quantity is not a multiple of 10,20230903-084646.466
ord252,aa327,Rose,2,Rejected,4445,24,Quantity is not a multiple of 10,20230903-084646.468
ord253,aa328,Rose,2,Rejected,45,35,Quantity is not a multiple of 10,20230903-084646.471
ord254,aa329,Rose,2,Rejected,43,65,Quantity is not a multiple of 10,20230903-084646.473
ord255,aa330,Rose,1,Rejected,23,75,Quantity is not a multiple of 10,20230903-084646.476
ord256,aa331,Rose,2,Rejected,23,85,Quantity is not a multiple of 10,20230903-084646.478
ord257,aa332,Rose,2,Rejected,23,85,Quantity is not a multiple of 10,20230903-084646.481
ord258,aa362,Rose,2,Rejected,56,45,Quantity is not a multiple of 10,20230903-084646.484
ord259,aa363,Rose,2,Rejected,78,33,Quantity is not a multiple of 10,20230903-084646.487
ord260,aa364,Rose,2,Rejected,34,23,Quantity is not a multiple of 10,20230903-084646.490
ord261,aa365,Rose,2,Rejected,56,35,Quantity is not a multiple of 10,20230903-084646.493
ord262,aa367,Rose,1,Rejected,124,45,Quantity is not a multiple of 10,20230903-084646.495
ord263,aa369,Rose,1,Rejected,12,34,Quantity is not a multiple of 10,20230903-084646.498
ord264,aa370,Rose,2,Rejected,123,56,Quantity is not a multiple of 10,20230903-084646.501
ord265,aa371,Rose,1,Rejected,455,42,Quantity is not a multiple of 10,20230903-084646.503
ord266,aa372,Rose,2,Rejected,223,22,Quantity is not a multiple of 10,20230903-084646.506
ord267,aa373,Rose,2,Rejected,445,78,Quantity is not a multiple of 10,20230903-084646.508
ord268,aa374,Rose,2,Rejected,223,56,Quantity is not a multiple of 10,20230903-084646.509
ord269,aa375,Rose,2,Rejected,334,32,Quantity is not a multiple of 10,20230903-084646.511
ord270,aa376,Rose,2,Rejected,445,45,Quantity is not a multiple of 10,20230903-084646.513
ord271,aa377,Rose,2,Rejected,666,67,Quantity is not a multiple of 10,20230903-084646.516
ord272,aa378,Rose,2,Rejected,223,100,Quantity is not a multiple of 10,20230903-084646.518
ord273,aa379,Rose,2,Rejected,455,56,Quantity is not a multiple of 10,20230903-084646.520
ord274,aa380,Rose,1,Rejected,66,44,Quantity is not a multiple of 10,20230903-084646.523
ord275,aa381,Rose,2,Rejected,77,24,Quantity is not a multiple of 10,20230903-084646.527
ord276,aa382,Rose,1,Rejected,333,35,Quantity is not a multiple of 10,20230903-084646.530
ord277,aa383,Rose,2,Rejected,555,65,Quantity is not a multiple of 10,20230903-084646.533
ord278,aa384,Rose,1,Rejected,664,75,Quantity is not a multiple of 10,20230903-084646.535
ord279,aa385,Rose,2,Rejected,333,85,Quantity is not a multiple of 10,20230903-084646.536
ord280,aa386,Rose,1,Rejected,33,85,Quantity is not a multiple of 10,20230903-084646.539
ord281,aa387,Rose,2,Rejected,45,85,Quantity is not a multiple of 10,20230903-084646.540
ord282,aa388,Rose,1,Rejected,66,85,Quantity is not a multiple of 10,20230903-084646.542
ord283,aa389,Rose,2,Rejected,67,85,Quantity is not a multiple of 10,20230903-084646.543
ord284,aa390,Rose,1,Rejected,65,85,Quantity is not a multiple of 10,20230903-084646.545
ord285,aa391,Rose,2,Rejected,33,55,Quantity is not a multiple of 10,20230903-084646.547
ord286,aa392,Rose,2,Rejected,44,65,Quantity is not a multiple of 10,20230903-084646.548
ord287,aa393,Rose,2,Rejected,55,1,Quantity is not a multiple of 10,20230903-084646.550
ord288,aa394,Rose,1,Rejected,56,55,Quantity is not a multiple of 10,20230903-084646.551
ord289,aa395,Rose,2,Rejected,33,45,Quantity is not a multiple of 10,20230903-084646.553
ord290,aa396,Rose,2,Rejected,55,45,Quantity is not a multiple of 10,20230903-084646.554
ord291,aa397,Rose,1,Rejected,67,65,Quantity is not a multiple of 10,20230903-084646.556
ord292,aa398,Rose,2,Rejected,33,45,Quantity is not a multiple of 10,20230903-084646.557
ord293,aa400,Rose,2,Rejected,54,45,Quantity is not a multiple of 10,20230903-084646.559
ord294,aa401,Rose,1,Rejected,56,22,Quantity is not a multiple of 10,20230903-084646.560
ord295,aa402,Rose,1,Rejected,44,34,Quantity is not a multiple of 10,20230903-084646.562
ord296,aa403,Rose,2,Rejected,334,45,Quantity is not a multiple of 10,20230903-084646.564
ord297,aa404,Rose,1,Rejected,56,53,Quantity is not a multiple of 10,20230903-084646.566
ord298,aa405,Rose,2,Rejected,34,32,Quantity is not a multiple of 10,20230903-084646.567
ord299,aa406,Rose,1,Rejected,23,1,Quantity is not a multiple of 10,20230903-084646.569
ord300,aa407,Rose,2,Rejected,45,24,Quantity is not a multiple of 10,20230903-084646.571
ord301,aa408,Rose,1,Rejected,56,45,Quantity is not a multiple of 10,20230903-084646.572
ord302,aa409,Rose,1,Rejected,54,35,Quantity is not a multiple of 10,20230903-084646.574
ord303,aa410,Rose,1,Rejected,56,53,Quantity is not a multiple of 10,20230903-084646.575
ord304,aa411,Rose,2,Rejected,56,46,Quantity is not a multiple of 10,20230903-084646.577
ord305,aa412,Rose,2,Rejected,56,45,Quantity is not a multiple of 10,20230903-084646.579
ord306,aa413,Rose,2,Rejected,53,65,Quantity is not a multiple of 10,20230903-084646.582
ord307,aa414,Rose,2,Rejected,55,64,Quantity is not a multiple of 10,20230903-084646.585
ord308,aa415,Rose,2,Rejected,66,34,Quantity is not a multiple of 10,20230903-084646.587
ord309,aa416,Rose,2,Rejected,784,45,Quantity is not a multiple of 10,20230903-084646.590
ord310,aa417,Rose,2,Rejected,4456,33,Quantity is not a multiple of 10,20230903-084646.593
ord311,aa418,Rose,2,Rejected,343,23,Quantity is not a multiple of 10,20230903-084646.595
ord312,aa419,Rose,1,Rejected,335,35,Quantity is not a multiple of 10,20230903-084646.598
ord313,aa420,Rose,1,Rejected,334,65,Quantity is not a multiple of 10,20230903-084646.601
ord314,aa421,Rose,1,Rejected,33,45,Quantity is not a multiple of 10,20230903-084646.604
ord315,aa422,Rose,1,Rejected,55,32,Quantity is not a multiple of 10,20230903-084646.607
ord316,aa423,Rose,1,Rejected,335,34,Quantity is not a multiple of 10,20230903-084646.611
ord317,aa424,Rose,1,Rejected,335,56,Quantity is not a multiple of 10,20230903-084646.614
ord318,aa425,Rose,1,Rejected,32,42,Quantity is not a multiple of 10,20230903-084646.616
ord319,aa426,Rose,1,Rejected,45,22,Quantity is not a multiple of 10,20230903-084646.619
ord320,aa427,Rose,1,Rejected,55,78,Quantity is not a multiple of 10,20230903-084646.622
ord321,aa428,Rose,1,Rejected,33,56,Quantity is not a multiple of 10,20230903-084646.624
ord322,aa429,Rose,1,Rejected,335,32,Quantity is not a multiple of 10,20230903-084646.627
ord323,aa430,Rose,1,Rejected,33,45,Quantity is not a multiple of 10,20230903-084646.629
ord324,aa431,Rose,2,Rejected,67,67,Quantity is not a multiple of 10,20230903-084646.631
ord325,aa432,Rose,2,Rejected,334,100,Quantity is not a multiple of 10,20230903-084646.633
ord326,aa433,Rose,2,Rejected,343,56,Quantity is not a multiple of 10,20230903-084646.634
ord327,aa434,Rose,2,Rejected,4445,44,Quantity is not a multiple of 10,20230903-084646.636
ord328,aa435,Rose,2,Rejected,45,24,Quantity is not a multiple of 10,20230903-084646.637
ord329,aa436,Rose,2,Rejected,43,35,Quantity is not a multiple of 10,20230903-084646.640
ord330,aa437,Rose,1,Rejected,23,65,Quantity is not a multiple of 10,20230903-084646.643
ord331,aa438,Rose,2,Rejected,23,75,Quantity is not a multiple of 10,20230903-084646.646
ord332,aa439,Rose,2,Rejected,23,85,Quantity is not a multiple of 10,20230903-084646.649
ord333,aa469,Rose,2,Rejected,56,34,Quantity is not a multiple of 10,20230903-084646.651
ord334,aa470,Rose,2,Rejected,78,45,Quantity is not a multiple of 10,20230903-084646.654
ord335,aa471,Rose,2,Rejected,34,33,Quantity is not a multiple of 10,20230903-084646.655
ord336,aa472,Rose,1,Rejected,56,23,Quantity is not a multiple of 10,20230903-084646.657
ord337,aa474,Rose,2,Rejected,124,65,Quantity is not a multiple of 10,20230903-084646.659
ord338,aa476,Rose,1,Rejected,12,32,Quantity is not a multiple of 10,20230903-084646.661
ord339,aa477,Rose,1,Rejected,123,34,Quantity is not a multiple of 10,20230903-084646.664
ord340,aa478,Rose,1,Rejected,455,56,Quantity is not a multiple of 10,20230903-084646.667
ord341,aa479,Rose,1,Rejected,223,42,Quantity is not a multiple of 10,20230903-084646.670
ord342,aa480,Rose,1,Rejected,445,22,Quantity is not a multiple of 10,20230903-084646.673
ord343,aa481,Rose,1,Rejected,223,78,Quantity is not a multiple of 10,20230903-084646.675
ord344,aa482,Rose,1,Rejected,334,56,Quantity is not a multiple of 10,20230903-084646.678
ord345,aa483,Rose,1,Rejected,445,32,Quantity is not a multiple of 10,20230903-084646.680
ord346,aa484,Rose,1,Rejected,666,45,Quantity is not a multiple of 10,20230903-084646.682
ord347,aa485,Rose,1,Rejected,223,67,Quantity is not a multiple of 10,20230903-084646.683
ord348,aa486,Rose,1,Rejected,455,100,Quantity is not a multiple of 10,20230903-084646.684
ord349,aa487,Rose,1,Rejected,66,56,Quantity is not a multiple of 10,20230903-084646.686
ord350,aa488,Rose,1,Rejected,77,44,Quantity is not a multiple of 10,20230903-084646.688
ord351,aa489,Rose,1,Rejected,333,24,Quantity is not a multiple of 10,20230903-084646.691
ord352,aa490,Rose,1,Rejected,555,35,Quantity is not a multiple of 10,20230903-084646.694
ord353,aa491,Rose,1,Rejected,664,65,Quantity is not a multiple of 10,20230903-084646.697
ord354,aa492,Rose,1,Rejected,333,75,Quantity is not a multiple of 10,20230903-084646.700
ord355,aa493,Rose,1,Rejected,33,85,Quantity is not a multiple of 10,20230903-084646.703
ord356,aa494,Rose,1,Rejected,45,85,Quantity is not a multiple of 10,20230903-084646.706
ord357,aa495,Rose,2,Rejected,66,85,Quantity is not a multiple of 10,20230903-084646.709
ord358,aa496,Rose,1,Rejected,67,85,Quantity is not a multiple of 10,20230903-084646.711
ord359,aa497,Rose,1,Rejected,65,85,Quantity is not a multiple of 10,20230903-084646.714
ord360,aa498,Rose,1,Rejected,33,85,Quantity is not a multiple of 10,20230903-084646.717
ord361,aa499,Rose,1,Rejected,44,55,Quantity is not a multiple of 10,20230903-084646.720
ord362,aa500,Rose,1,Rejected,55,65,Quantity is not a multiple of 10,20230903-084646.724
ord363,aa501,Rose,1,Rejected,56,1,Quantity is not a multiple of 10,20230903-084646.726
ord364,aa502,Rose,1,Rejected,33,55,Quantity is not a multiple of 10,20230903-084646.730
ord365,aa503,Rose,1,Rejected,55,45,Quantity is not a multiple of 10,20230903-084646.734
ord366,aa504,Rose,1,Rejected,67,45,Quantity is not a multiple of 10,20230903-084646.737
ord367,aa505,Rose,1,Rejected,33,65,Quantity is not a multiple of 10,20230903-084646.742
ord368,aa507,Rose,1,Rejected,54,55,Quantity is not a multiple of 10,20230903-084646.745
ord369,aa508,Rose,1,Rejected,56,45,Quantity is not a multiple of 10,20230903-084646.749
ord370,aa509,Rose,2,Rejected,44,22,Quantity is not a multiple of 10,20230903-084646.753
ord371,aa510,Rose,1,Rejected,334,34,Quantity is not a multiple of 10,20230903-084646.757
ord372,aa511,Rose,1,Rejected,56,45,Quantity is not a multiple of 10,20230903-084646.760
ord373,aa512,Rose,1,Rejected,34,53,Quantity is not a multiple of 10,20230903-084646.763
