aa1,Rose,1,100,65
aa2,Lavender,2,50,60
aa3,Tulip,1,75,40
aa4,Daisy,2,25,30
aa5,Orchid,1,200,90
aa6,Rose,2,30,50
aa7,Lavender,1,80,55
aa8,Tulip,2,10,35
aa9,Orchid,1,150,80
aa10,Daisy,2,40,25
aa11,Rose,1,120,70
aa12,Lavender,2,60,65
aa13,,1,100,55
aa14,Rose,3,100,65
aa15,Lavender,2,101,1
aa16,Tulip,1,100,-1
aa17,Orchid,1,1000,-1
aa18,Daisy,2,0,20
aa19,Rose,1,50,45
aa20,Lavender,2,75,70
aa21,Tulip,1,80,35
aa22,Daisy,2,30,25
aa23,Rose,1,110,75
aa24,Lavender,2,55,60
aa25,Orchid,1,180,85
aa26,Tulip,1,90,40
aa27,Daisy,2,20,30
aa28,Rose,1,125,70
aa29,Lavender,2,65,70
aa30,Orchid,1,160,75
aa31,Daisy,2,35,25
aa32,Rose,1,105,60
aa33,Lavender,2,70,75
aa34,Tulip,1,85,35
aa35,Orchid,1,190,80
aa36,Daisy,2,45,20
aa37,Rose,1,115,65
aa38,Lavender,2,50,55
aa39,Tulip,1,95,45
aa40,Orchid,1,175,85
aa41,Daisy,2,15,30
aa42,Rose,1,130,70
aa43,Lavender,2,75,65
aa44,Tulip,1,70,40
aa45,Orchid,1,210,95
aa46,Daisy,2,55,25
aa47,Rose,1,100,55
aa48,Lavender,2,45,60
aa49,Tulip,1,60,30
aa50,Orchid,1,220,100
aa51,Daisy,2,10,20
aa52,Rose,1,140,75
aa53,Lavender,2,80,70
aa54,Tulip,1,65,35
aa55,Orchid,1,230,105
aa56,Daisy,2,5,25
aa57,Rose,1,95,50
aa58,Lavender,2,40,55
aa59,Tulip,1,50,25
aa60,Orchid,1,240,110
aa61,Daisy,2,60,20
aa62,Rose,1,150,80
aa63,Lavender,2,85,75
aa64,Tulip,1,55,30
aa65,Orchid,1,250,115
aa66,Daisy,2,15,25
aa67,Rose,1,90,45
aa68,Lavender,2,35,50
aa69,Tulip,1,40,20
aa70,Orchid,1,260,120
aa71,Daisy,2,25,20
aa72,Rose,1,160,85
aa73,Lavender,2,90,80
aa74,Tulip,1,45,25
aa75,Orchid,1,270,125
aa76,Daisy,2,20,15
aa77,Rose,1,85,40
aa78,Lavender,2,30,45
aa79,Tulip,1,35,15
aa80,Orchid,1,280,130
aa81,Daisy,2,30,15
aa82,Rose,1,170,90
aa83,Lavender,2,95,85
aa84,Tulip,1,30,20
aa85,Orchid,1,290,135
aa86,Daisy,2,25,10
aa87,Rose,1,80,35
aa88,Lavender,2,25,40
aa89,Tulip,1,25,10
aa90,Orchid,1,300,140
aa91,Daisy,2,35,10
aa92,Rose,1,180,95
aa93,Lavender,2,100,90
aa94,Tulip,1,20,15
aa95,Orchid,1,310,145
aa96,Daisy,2,30,5
aa97,Rose,1,75,30
aa98,Lavender,2,20,35
aa99,Tulip,1,15,5
aa100,Orchid,1,320,150
aa501,Rose,1,100,65
aa502,Lavender,2,50,60
aa503,Tulip,1,75,40
aa504,Daisy,2,25,30
aa505,Orchid,1,200,90
aa506,Rose,2,30,50
aa507,Lavender,1,80,55
aa508,Tulip,2,10,35
aa509,Orchid,1,150,80
aa510,Daisy,2,40,25
aa511,Rose,1,120,70
aa512,Lavender,2,60,65
aa513,,1,100,55
aa514,Rose,3,100,65
aa515,Lavender,2,101,1
aa516,Tulip,1,100,-1
aa517,Orchid,1,1000,-1
aa518,Daisy,2,0,20
aa519,Rose,1,50,45
aa520,Lavender,2,75,70
aa521,Tulip,1,80,35
aa522,Daisy,2,30,25
aa523,Rose,1,110,75
aa524,Lavender,2,55,60
aa525,Orchid,1,180,85
aa526,Tulip,1,90,40
aa527,Daisy,2,20,30
aa528,Rose,1,125,70
aa529,Lavender,2,65,70
aa530,Orchid,1,160,75
aa531,Daisy,2,35,25
aa532,Rose,1,105,60
aa533,Lavender,2,70,75
aa534,Tulip,1,85,35
aa535,Orchid,1,190,80
aa536,Daisy,2,45,20
aa537,Rose,1,115,65
aa538,Lavender,2,50,55
aa539,Tulip,1,95,45
aa540,Orchid,1,175,85
aa541,Daisy,2,15,30
aa542,Rose,1,130,70
aa543,Lavender,2,75,65
aa544,Tulip,1,70,40
aa545,Orchid,1,210,95
aa546,Daisy,2,55,25
aa547,Rose,1,100,55
aa548,Lavender,2,45,60
aa549,Tulip,1,60,30
aa550,Orchid,1,220,100
aa551,Daisy,2,10,20
aa552,Rose,1,140,75
aa553,Lavender,2,80,70
aa554,Tulip,1,65,35
aa555,Orchid,1,230,105
aa556,Daisy,2,5,25
aa557,Rose,1,95,50
aa558,Lavender,2,40,55
aa559,Tulip,1,50,25
aa560,Orchid,1,240,110
aa561,Daisy,2,60,20
aa562,Rose,1,150,80
aa563,Lavender,2,85,75
aa564,Tulip,1,55,30
aa565,Orchid,1,250,115
aa566,Daisy,2,15,25
aa567,Rose,1,90,45
aa568,Lavender,2,35,50
aa569,Tulip,1,40,20
aa570,Orchid,1,260,120
aa571,Daisy,2,25,20
aa572,Rose,1,160,85
aa573,Lavender,2,90,80
aa574,Tulip,1,45,25
aa575,Orchid,1,270,125
aa576,Daisy,2,20,15
aa577,Rose,1,85,40
aa578,Lavender,2,30,45
aa579,Tulip,1,35,15
aa580,Orchid,1,280,130
aa581,Daisy,2,30,15
aa582,Rose,1,170,90
aa583,Lavender,2,95,85
aa584,Tulip,1,30,20
aa585,Orchid,1,290,135
aa586,Daisy,2,25,10
aa587,Rose,1,80,35
aa588,Lavender,2,25,40
aa589,Tulip,1,25,10
aa590,Orchid,1,300,140
aa591,Daisy,2,35,10
aa592,Rose,1,180,95
aa593,Lavender,2,100,90
aa594,Tulip,1,20,15
aa595,Orchid,1,310,145
aa596,Daisy,2,30,5
aa597,Rose,1,75,30
aa598,Lavender,2,20,35
aa599,Tulip,1,15,5
aa600,Orchid,1,320,150
aa701,Rose,1,100,65
aa702,Lavender,2,50,60
aa703,Tulip,1,75,40
aa704,,2,25,30
aa705,Orchid,1,200,90
aa706,Rose,2,30,50
aa707,Lavender,1,80,55
aa708,Tulip,2,10,35
aa709,Orchid,1,150,80
aa710,Daisy,2,40,25
aa711,Rose,1,120,70
aa712,Lavender,2,60,65
aa713,,1,100,55
aa714,Rose,3,100,65
aa715,Lavender,2,101,1
aa716,Tulip,1,100,-1
aa717,Orchid,1,1000,-1
aa718,Daisy,2,0,20
aa719,Rose,1,50,45
aa720,Lavender,2,75,70
aa721,Tulip,1,80,35
aa722,Daisy,2,30,25
aa723,Rose,1,110,75
aa724,Lavender,2,55,60
aa725,Orchid,1,180,85
aa726,Tulip,1,90,40
aa727,Daisy,2,20,30
aa728,Rose,1,125,70
aa729,Lavender,2,65,70
aa730,Orchid,1,160,75
aa731,Daisy,2,35,25
aa732,Rose,1,105,60
aa733,Lavender,2,70,75
aa734,Tulip,1,85,35
aa735,Orchid,1,190,80
aa736,Daisy,2,45,20
aa737,Rose,1,115,65
aa738,Lavender,2,50,55
aa739,Tulip,1,95,45
aa740,Orchid,1,175,85
aa741,Daisy,2,15,30
aa742,Rose,1,130,70
aa743,Lavender,2,75,65
aa744,Tulip,1,70,40
aa745,Orchid,1,210,95
aa746,Daisy,2,55,25
aa747,Rose,1,100,55
aa748,Lavender,2,45,60
aa749,Tulip,1,60,30
aa750,Orchid,1,220,100
aa751,Daisy,2,10,20
aa752,Rose,1,140,75
aa753,Lavender,2,80,70
aa754,Tulip,1,65,35
aa755,Orchid,1,230,105
aa756,Daisy,2,5,25
aa757,Rose,1,95,50
aa758,Lavender,2,40,55
aa759,Tulip,1,50,25
aa760,Orchid,1,240,110
aa761,Daisy,2,60,20
aa762,Rose,1,150,80
aa763,Lavender,2,85,75
aa764,Tulip,1,55,30
aa765,Orchid,1,250,115
aa766,Daisy,2,15,25
aa767,Rose,1,90,45
aa768,Lavender,2,35,50
aa769,Tulip,1,40,20
aa770,Orchid,1,260,120
aa771,Daisy,2,25,20
aa772,Rose,1,160,85
aa773,Lavender,2,90,80
aa774,,1,45,25
aa775,Orchid,1,270,125
aa776,Orchid,2,20,15
aa777,Orchid,1,85,40
aa778,Lavender,2,30,45
aa779,Tulip,1,35,15
aa780,Sunflower,1,280,130
aa781,Daisy,2,30,15
aa782,Rose,1,170,90
aa783,Lavender,2,95,85
aa784,Tulip,1,30,20
aa785,Orchid,1,290,135
aa786,Daisy,2,25,10
aa787,Rose,1,80,35
aa788,Lavender,2,25,40
aa789,Tulip,1,25,10
aa790,Orchid,1,300,-140